1,PER,1,Tarra,Hatchette,Pine View,0648,,Kebunkelapa
5,PER,2,Delmer,Crummy,Mccormick,6666,,Huazhou
9,PER,3,Casi,Lines,Warbler,46,8650-104,Burgau
13,PER,4,Viviene,Bonaire,Superior,55,,Ifakara
17,PER,5,Odelia,Buffy,Oak Valley,04,9241,Bakovci
21,PER,6,Austen,Schulter,Roth,3,,Kabir
25,PER,7,Chandra,Rudeyeard,Columbus,96,,Kamionka Strumitowa
29,PER,8,Corny,Keirle,Hansons,37425,802 85,Gävle
33,PER,9,Katherine,Conklin,Scott,10,44280,Sumiainen
37,PER,10,Chiquia,Quince,Hooker,1985,,Dongtai
41,PER,11,Cosme,Beacon,Alpine,7332,,Baghlān
45,PER,12,Teodoro,Dreakin,Sage,02699,,Zborište
49,PER,13,Teresina,Brislan,Claremont,11067,,Azor
53,PER,14,Estrellita,Bagwell,Lotheville,360,,Dapo
57,PER,15,Shoshana,Ferrolli,Laurel,259,4105,Tafí Viejo
61,PER,16,Obadias,Boyson,Del Sol,16527,8507,Loreto
65,PER,17,Abey,Maddick,Debs,1,,Bor
69,PER,18,Gianna,Laybourn,Kedzie,077,,La Unión
73,PER,19,Forbes,Mulhall,Ramsey,2127,395003,R S
77,PER,20,Kelvin,Baskeyfield,Tennessee,7,,Xinglongchang
81,PER,21,Renate,Brusby,Graedel,13337,,Gosë e Madhe
85,PER,22,Gwyneth,Gostling,Dorton,14890,35435 CEDEX,Saint-Jouan-des-Guérets
89,PER,23,Mile,Jahndel,Anniversary,03,,Temblador
93,PER,24,Rodney,Hazeldene,Hagan,863,,Guanghai
97,PER,25,Bunny,Laguerre,Dakota,08,,Gadon
101,PER,26,Marcelo,Jailler,Schurz,91238,3454,Buena Esperanza
105,PER,27,Land,Breward,Messerschmidt,651,,Taipingzhuang
109,PER,28,Rosie,Artz,Towne,94,,Taichung
113,PER,29,Yorgos,Copley,Del Mar,0430,,Langnga
117,PER,30,Charley,Enstone,Knutson,3,153 31,Järna
121,PER,31,Gallard,Bollard,Red Cloud,8389,,Ganxi
125,PER,32,Ennis,Knapp,Kipling,773,686008,Puerto Parra
129,PER,33,Veriee,Seamons,Bunting,0155,,Kastélli
133,PER,34,Alta,Axleby,Boyd,22941,,Suyang
137,PER,35,Bel,Gorse,Melvin,990,9406,Matalam
141,PER,36,Derward,Hollingsbee,Jay,24798,,Tajinan
145,PER,37,Devlin,Cutress,Moland,57,,Gusong
149,PER,38,Ram,Lambrick,Carioca,818,,Mursaba
153,PER,39,Alexandr,Pedder,Butterfield,07,,Lubāna
157,PER,40,Alleen,Lifsey,Victoria,563,,Áno Merá
161,PER,41,Sascha,Peasey,Scofield,02567,,Wufeng
165,PER,42,Sissie,Hewes,Sugar,32,22215,Grabovci
169,PER,43,Quint,Kershaw,Glendale,75,17126,Harrisburg
173,PER,44,Rona,Sisnett,Commercial,9398,,Dolod
177,PER,45,Pierson,Ipplett,Pepper Wood,796,,Xiema
181,PER,46,Babette,Skeel,Lillian,5,,Roboré
185,PER,47,Dasi,Rosbrough,Bluestem,58117,,Dulce Nombre
189,PER,48,Hertha,Schapero,Dryden,5,78130,Morelos
193,PER,49,Dorothee,Gryglewski,Erie,315,2530-285,Sobral
197,PER,50,Feliks,Nazer,Golden Leaf,62511,,Roun Satu
201,PER,51,Lindsy,Tudbald,Sloan,167,48150,Khuan Don
205,PER,52,Fayth,Gaddie,Shelley,46,,Raksajaya
209,PER,53,Lyman,Galle,Mockingbird,1406,,Thị Trấn Văn Quan
213,PER,54,Cheston,Thomke,Granby,23868,82153,Antonio Toledo Corro
217,PER,55,Rand,Symones,Homewood,37257,,Mégara
221,PER,56,Daryl,Hardisty,Fordem,272,,Quảng Yên
225,PER,57,Consuelo,Hallwood,Dahle,8,,Balong Wetan
229,PER,58,Guillaume,Macon,Rigney,804,,Danané
233,PER,59,Bobine,Caunter,Hollow Ridge,59,,Ağdam
237,PER,60,Desmund,Mullan,Coleman,30,,Fengcun
241,PER,61,Arman,Snoddy,Myrtle,7,30505,Vicente Guerrero
245,PER,62,Angus,Harriott,Meadow Ridge,57433,,Altanbulag
249,PER,63,Dudley,Thunders,Red Cloud,771,,Kafr Takhārīm
253,PER,64,Penelope,Sibary,Morningstar,80,78-445,Łubowo
257,PER,65,Willyt,Clewes,Pearson,7,,Linpu
261,PER,66,Leicester,Parramore,7th,2700,34-530,Bukowina Tatrzańska
265,PER,67,Hubert,Calf,Fulton,052,538 03,Heřmanův Městec
269,PER,68,Dorise,Valentinetti,New Castle,479,649787,Tashanta
273,PER,69,Titus,Dorn,Sundown,516,,‘Awartā
277,PER,70,Ernie,Oakman,Di Loreto,593,,Cibeureum
281,PER,71,Tiffy,Puddifer,Green,5,6329,Cambuga
285,PER,72,Audie,Karolovsky,Meadow Ridge,28,,Daixi
289,PER,73,Roi,Craigie,Thompson,2,78900-000,Porto Velho
293,PER,74,Briant,Petlyura,Russell,8,55123,Saint Paul
297,PER,75,Augusta,Eagleton,Macpherson,650,5401,Marintoc
301,PER,76,Pinchas,Brecknell,Blackbird,371,,Mandal
305,PER,77,Osmond,Hargraves,Scoville,6,5340,Tinogasta
309,PER,78,Beryle,Swinnerton,Dayton,6378,,Huayuan
313,PER,79,Fanchon,Farrall,Canary,8344,,Mbala
317,PER,80,Cortie,Valiant,Knutson,728,48321,Sigetec
321,PER,81,Sammy,Cogdell,Fordem,32,20-282,Skarbimierz Osiedle
325,PER,82,Kassie,Wickenden,Prairieview,013,687200,Dul’durga
329,PER,83,Basile,Gagg,Dwight,7,,Hongyi
333,PER,84,Griz,Jeeves,Moulton,4,,Maleevsk
337,PER,85,Kelley,Pilipyak,Westend,08917,3282,St. Anton an der Jeßnitz
341,PER,86,Denver,Rapkins,Montana,9,641754,Lesnikovo
345,PER,87,Katleen,Bulch,Kennedy,17022,,Changning
349,PER,88,Gusella,Skotcher,Starling,3739,94039 CEDEX,Créteil
353,PER,89,Ber,Edmunds,Bartelt,76171,,Pendembu
357,PER,90,Minnnie,Oxnam,Manley,5,,Huacho
361,PER,91,Ranice,Pigdon,Orin,8653,,Waihai
365,PER,92,Hester,Walenta,Mosinee,441,3630-074,Castainço
369,PER,93,Read,Grayer,Merchant,2875,,Zhanjia
373,PER,94,Urbano,Buckeridge,Mallory,9,,Yanshang
377,PER,95,Kilian,Hartington,Ruskin,8,,Dubréka
381,PER,96,Bondy,Rootham,Birchwood,722,,Valmiera
385,PER,97,Robin,Guitel,Esch,58961,,Dingcheng
389,PER,98,Hunfredo,Rangall,Dahle,163,,Chenji
393,PER,99,Dareen,Selly,Acker,9,2101,Dukay
397,PER,100,Hayyim,Clapson,Springview,7,M4J,Deep River
401,PER,101,Loralyn,Tupling,Burrows,083,2685-314,Prior Velho
405,PER,102,Wenda,Tapner,Walton,5275,,Valera
409,PER,103,Lynn,Andell,Duke,0102,368418,Bezhta
413,PER,104,Wileen,Daynter,Manley,51957,,Diaopu
417,PER,105,Taite,Colclough,Haas,5,5936,Tío Pujio
421,PER,106,Delano,Tiffney,Kensington,2,,Liuzhi
425,PER,107,Margarette,Christoffels,Blaine,3737,06-415,Czernice Borowe
429,PER,108,Latrena,Campes,Onsgard,4776,,Gouménissa
433,PER,109,Hamnet,Loos,Twin Pines,2371,396458,Staraya Stanitsa
437,PER,110,Harlen,Torrijos,Packers,84,3303,Banquero
441,PER,111,Aristotle,Kenwell,Acker,2,,Boncis
445,PER,112,Nels,Battleson,Muir,14,186730,Lakhdenpokh’ya
449,PER,113,Berenice,Hattersley,Summer Ridge,6173,,Shengli
453,PER,114,Marjory,Derrington,Sunfield,7,,Luniao
457,PER,115,Alli,Cock,Lerdahl,629,89888,Independencia
461,PER,116,Stan,Bothen,Messerschmidt,853,,Prómachoi
465,PER,117,Jillayne,Ewestace,Rieder,8,,Dahedian
469,PER,118,Tandi,Calderhead,Schiller,8547,,Xiaolongmen
473,PER,119,Gina,Lethibridge,Canary,2,,Capellanía
477,PER,120,Olivette,Sans,Sunnyside,9,,Alto del Espino
481,PER,121,Tracie,Pepye,Melrose,9,10514,Tamboril
485,PER,122,Candra,Heyball,Chinook,4,39290,Karis
489,PER,123,Guthry,Beardon,Sundown,02886,,Oke Mesi
493,PER,124,Mort,Siemons,Swallow,905,,Fatou
497,PER,125,Remington,Purchase,Lien,3,50720,Kuala Lumpur
501,PER,126,Vail,Tinkler,Kingsford,7,,Honglu
505,PER,127,Shurlocke,Dmitriev,Ramsey,4248,,Beizhouzi
509,PER,128,Goran,Klaiser,Beilfuss,46474,79570-000,Aparecida do Taboado
513,PER,129,Ronalda,Beviss,Welch,874,,Fuxi
517,PER,130,Arlen,Tibbs,Iowa,2551,56250-000,Trindade
521,PER,131,Phillis,Greenwood,Huxley,29,96931,Chalan Pago-Ordot Village
525,PER,132,Gabriel,Ribbon,Upham,5093,,Sabandia
529,PER,133,Allegra,Casellas,North,30113,,Leiwang
533,PER,134,Shirlee,Nolli,Derek,13,34-103,Barwałd Górny
537,PER,135,Gayel,Barkhouse,Brickson Park,1488,,Gaotaizi
541,PER,136,Austin,Blakden,Farwell,13,,Chlói
545,PER,137,Skye,Wynch,Summer Ridge,728,L-5451,Stadtbredimus
549,PER,138,Catrina,Kiff,American,389,,Layu
553,PER,139,Benny,McInally,Blackbird,634,,Karang Kulon
557,PER,140,Merrily,Hallam,Prentice,7133,63000-000,Juazeiro do Norte
561,PER,141,Guglielmo,Manicom,Merry,15770,423031,Popovo
565,PER,142,Katrine,Lamonby,Towne,3008,,Turar Ryskulov
569,PER,143,Bertie,Viscovi,Parkside,4530,,Medzhibozh
573,PER,144,Constance,Blackburn,Independence,708,,Agnibilékrou
577,PER,145,Burtie,Gumey,Anniversary,361,,Xin’an
581,PER,146,Emmanuel,Vlasyuk,Corben,4,,Tangkilsari
585,PER,147,Nissie,Cockerton,Troy,3501,33911 CEDEX 9,Bordeaux
589,PER,148,Sheree,Lamacraft,Tony,99,4905-515,Mujães
593,PER,149,Renell,Hacket,Cascade,22480,429052,Krasnyye Chetai
597,PER,150,Gunter,Maeer,Chive,96564,,Temperak
601,PER,151,Selig,Renshaw,Fieldstone,6,,Taiyanghe
605,PER,152,Zebulon,Keinrat,Paget,420,,Beihe
609,PER,153,Crysta,Clendinning,Sullivan,4,,Colonia Neuland
613,PER,154,Lilyan,Impey,Maple,4,,Xinglong
617,PER,155,Jay,Tapping,Ramsey,544,1106,Bancal
621,PER,156,Pennie,Sabati,Parkside,927,94279 CEDEX,Le Kremlin-Bicêtre
625,PER,157,Ber,Billings,Namekagon,1661,,Piaocao
629,PER,158,Mersey,Hughes,Bunker Hill,132,,Siqu
633,PER,159,Marlene,Vader,Buhler,5956,,Xingong
637,PER,160,Gibbie,Ambrogiotti,Jana,8,988-0505,Minato
641,PER,161,Aileen,Harome,Burrows,578,,Orita Eruwa
645,PER,162,Knox,Glowacki,Manufacturers,49,69265 CEDEX 09,Lyon
649,PER,163,Riordan,Becerra,Esch,6,,Tallbīsah
653,PER,164,Steven,Trobridge,Dryden,809,,Qitao
657,PER,165,Thaddeus,Pursehouse,Annamark,63484,,Shaxi
661,PER,166,Linnie,Sirmon,Donald,65782,3540,Thames
665,PER,167,Ianthe,Doeg,Continental,96,3045-451,Taveiro
669,PER,168,Denny,Greed,Esker,9,4805-358,Ronfe
673,PER,169,Royce,Agott,Fallview,43,43-229,Frydek
677,PER,170,Seline,Berndtssen,Bunting,1646,,Cikole
681,PER,171,Justine,Shobbrook,Anniversary,7073,,Bantarsari Kulon
685,PER,172,Konrad,Haggis,Nevada,14491,37032 CEDEX 1,Tours
689,PER,173,Fiorenze,Lagden,Glacier Hill,1479,,Sindangheula
693,PER,174,Nicoli,Hanscomb,Russell,46293,,Pandi
697,PER,175,Mac,Kilfeather,Westport,615,33699 CEDEX,Mérignac
701,PER,176,Lori,Berg,Sage,60740,,Nhà Bè
705,PER,177,Elwood,Roller,Banding,5,MD-3917,Cahul
709,PER,178,Iosep,Strute,Charing Cross,050,46-233,Bąków
713,PER,179,Che,Moyer,Barnett,155,,Oleksandriya
717,PER,180,Donni,Rolfe,Fuller,1594,368551,Kizilyurt
721,PER,181,Dalis,Rosetti,Fieldstone,51034,,Bhadrapur
725,PER,182,Rahal,Petrusch,Forest Dale,7,,Babat
729,PER,183,Jaime,Willingam,Lerdahl,68,,Ansongo
733,PER,184,Redford,Warden,Magdeline,39448,,Néa Tríglia
737,PER,185,Karisa,Fazan,Fordem,50,,Kaliuling
741,PER,186,Catlee,Craine,Katie,3049,,Nahiyat Ghammas
745,PER,187,Giraldo,Rudinger,Eagan,539,,Nguluhan
749,PER,188,Mozes,Davidovsky,Loeprich,63,,Cầu Gồ
753,PER,189,Rosetta,Turle,Ridgeview,766,,Īlām
757,PER,190,Chen,McLaughlin,American Ash,598,,Quba
761,PER,191,Wolfy,Mathivat,Mitchell,3,,Krajan
765,PER,192,Colet,Slimon,Debra,7015,,Huangqu
769,PER,193,Noland,Vaughn,Magdeline,44,,Ngajum
773,PER,194,Burk,Strowger,Glendale,185,,Konggar
777,PER,195,Amelita,Gilfether,Truax,5,,Yufa
781,PER,196,Melisande,Fowler,Novick,57882,18900-000,Santa Cruz do Rio Pardo
785,PER,197,Marrissa,Oleshunin,Southridge,20651,7008,Camangcamang
789,PER,198,Mervin,Widdicombe,Gateway,08021,618146,Osa
793,PER,199,Cacilie,Sandyford,Sutteridge,36,,Motuo
797,PER,200,Therine,MacCook,Maryland,448,,Orissaare
801,PER,201,Sascha,Storrier,Welch,8373,,Thị Trấn Thuận Châu
805,PER,202,Ethelred,Slingsby,Myrtle,5190,36177,Montgomery
809,PER,203,Felicia,Sturney,Rusk,15,,Kumai
813,PER,204,Cordell,Tolfrey,Sachs,4,,Huangzhai
817,PER,205,Rani,Galbraith,Londonderry,6,162139,Sokol
821,PER,206,Brigitte,McLagain,Vera,4198,,Shuidun
825,PER,207,Roderick,Wrey,Jay,62,691 41,Karlskoga
829,PER,208,Barron,Spilisy,John Wall,9629,,Ciranca
833,PER,209,Hasheem,Girodier,Coleman,68,43290,Grubišno Polje
837,PER,210,Charis,Stearne,Iowa,6416,90036,Plateliai
841,PER,211,Diego,Standidge,Springs,6539,,Sebuku
845,PER,212,Rollo,Baggaley,Towne,83,,Xujiahe
849,PER,213,Pablo,Duggan,Coleman,5,11900-000,Registro
853,PER,214,Garrik,Seeger,Wayridge,81,,Luojiang
857,PER,215,Toddy,Tarte,Linden,6,,Dahongmen
861,PER,216,Tarra,Bernaert,Montana,78679,356040,Pregradnoye
865,PER,217,Knox,Domini,Washington,14650,16006,Tucurú
869,PER,218,Esdras,Burkill,Utah,8,238056,Gusev
873,PER,219,Georgie,Marien,High Crossing,22361,607910,Pochinki
877,PER,220,Filmer,Ryson,Mccormick,56352,,Mazra‘at Bayt Jinn
881,PER,221,Jillian,Hesey,Wayridge,4,538 42,Ronov nad Doubravou
885,PER,222,Madison,Otridge,Eagle Crest,99042,92742 CEDEX,Nanterre
889,PER,223,Lyndsey,Sandcroft,Declaration,9,2807,Calaba
893,PER,224,Roxanne,Niccolls,6th,56,,Huayuan
897,PER,225,Garret,Turvey,Del Mar,5729,10607,Azua
901,PER,226,Granthem,Champken,Linden,8,,Shādegān
905,PER,227,Kenon,Dumper,Autumn Leaf,1,,Barţa‘ah ash Sharqīyah
909,PER,228,Jewel,Sincock,Del Mar,33,,Masebewa
913,PER,229,Emogene,Sirmond,Manitowish,197,,Gandapura
917,PER,230,Alfons,Aaron,Forster,6098,,Nanshi
921,PER,231,Odelle,Parlatt,Corscot,9,38126,Braunschweig
925,PER,232,Pieter,Waring,Macpherson,8924,,Haiphong
929,PER,233,Leila,McDonald,Onsgard,64867,,Solina
933,PER,234,Noel,Volage,Namekagon,45,3814,Glad
937,PER,235,Candis,Langdale,Spenser,16595,,Susapaya
941,PER,236,Kesley,Barwack,Milwaukee,6371,,Trà Ôn
945,PER,237,Katina,Skeldinge,Lakewood Gardens,1980,R8N,Thompson
949,PER,238,Faina,Hintzer,Dennis,7850,742 13,Studénka
953,PER,239,Johnnie,Dunthorn,Vermont,30528,4107,Kanluran
957,PER,240,Camala,Marzellano,Hansons,61,,Huangtugang
961,PER,241,Rennie,Sinderson,Mayer,9,5030-384,Seara
965,PER,242,Emeline,Jendricke,Walton,436,,Bailiang
969,PER,243,Adolphus,Cordie,Fair Oaks,11,P31,Tower
973,PER,244,Ronnie,Stallion,Pierstorff,3,14000,Ang Thong
977,PER,245,Florance,Whaley,Clyde Gallagher,740,129 55,Hägersten
981,PER,246,Lamar,Gregorin,Harbort,98313,,Xiadian
985,PER,247,Basil,Britney,Mariners Cove,26826,,Vrilissia
989,PER,248,Jobye,Tattersdill,Golf Course,34980,,Naikolan
993,PER,249,Richart,Tyce,Carberry,2558,7305,Tiglauigan
997,PER,250,Gayel,Jumont,Columbus,9,25110,Kabin Buri
1001,PER,251,Easter,Sutch,Larry,635,31214,Laslovo
1005,PER,252,Stepha,Laurenson,Crownhardt,197,,Nahuo
1009,PER,253,Sofia,Ferrers,Autumn Leaf,08,,Xiumei
1013,PER,254,Saxe,Gillbanks,Veith,99,,Taoudenni
1017,PER,255,Wyatan,Kitchener,Main,7,2826,Motrico
1021,PER,256,Guss,Francais,Weeping Birch,005,,Belanting
1025,PER,257,Forest,Charity,Cody,7,427531,Shchukino
1029,PER,258,Nola,Bartlomiej,Onsgard,53812,,Haikou
1033,PER,259,Willi,Duinkerk,Fieldstone,461,,Rodas
1037,PER,260,Joyous,Broadley,Debs,5378,231008,Moñitos
1041,PER,261,Nick,Baert,Atwood,4763,,Shashūbay
1045,PER,262,Jody,Lancaster,Scott,53105,,Dongping
1049,PER,263,Alden,Fessby,Ridge Oak,07253,4580-245,Agrela
1053,PER,264,Ahmad,Douthwaite,Rigney,80,11254,Brooklyn
1057,PER,265,Rasia,Cantor,American,7044,55910,Imatra
1061,PER,266,Morgen,Kalb,Donald,89592,,Fazhan
1065,PER,267,Pru,Harrad,Eagle Crest,6,250047,Mosquera
1069,PER,268,Sybille,McIan,Rusk,068,,Mianhu
1073,PER,269,Ollie,Rihosek,Coleman,5,,Chengdu
1077,PER,270,Marshall,Groom,Hoffman,9,125 46,Älvsjö
1081,PER,271,Elaine,Boat,Riverside,577,5430-236,Santa Valha
1085,PER,272,Dennie,O'Sherin,Northwestern,7005,,Ad Dīwānīyah
1089,PER,273,Kincaid,Leak,Goodland,68077,,Wudabao
1093,PER,274,Jock,Wyley,Melody,7,,Semambung
1097,PER,275,Gil,Paternoster,New Castle,89914,,Petaẖ Tiqwa
1101,PER,276,Fanny,McAleese,Susan,27446,,Wengtian
1105,PER,277,Khalil,Billison,Southridge,26780,,Tashang
1109,PER,278,Alexine,Maceur,Eggendart,043,,Khulm
1113,PER,279,Bond,Goodrick,Mcbride,60711,,Or Yehuda
1117,PER,280,Rudie,Tideswell,Melvin,5,55908,Kuala Lumpur
1121,PER,281,Ibby,Constanza,Debs,206,,Centre de Flacq
1125,PER,282,Vinnie,Savil,Bashford,27554,,Savannakhét
1129,PER,283,Lonnie,Peat,Algoma,3183,422343,Sokol’niki
1133,PER,284,Sergio,Riddiough,Mayfield,8,,Shaxi
1137,PER,285,Miltie,Wolfers,Trailsway,913,72100,Talhār
1141,PER,286,Simone,Stansell,Tony,39695,,Lichengdao
1145,PER,287,Nolan,Barwis,Elmside,39117,,Masu
1149,PER,288,Danie,Ceresa,Lunder,46042,,Zala
1153,PER,289,Stavros,Firsby,Mendota,627,,Osogbo
1157,PER,290,Stanfield,Artois,Kings,792,96970,RMI Capitol
1161,PER,291,Ash,Geraldini,Clarendon,06233,,Antofagasta
1165,PER,292,Mendie,Lissaman,Garrison,22,,Vishnyeva
1169,PER,293,Si,Labbet,Spohn,5514,,Xinhe
1173,PER,294,Collie,Mapledoore,Moose,15,397855,Ostrogozhsk
1177,PER,295,Hinda,Hargroves,Sunnyside,5,,Fubin
1181,PER,296,Ilaire,Westlake,6th,65737,399240,Donskoye
1185,PER,297,Laurie,Beville,Knutson,184,1109,Casisang
1189,PER,298,Lindie,Lumber,Meadow Valley,152,,Kipini
1193,PER,299,Tabb,McCrainor,Tomscot,6169,,Míthymna
1197,PER,300,Esmaria,Spacie,Boyd,5516,33001,Jāmpur
1201,PER,301,Muriel,Blincowe,Atwood,856,828 25,Edsbyn
1205,PER,302,Augustin,MacKaile,Cardinal,244,,Shamva
1209,PER,303,Marchelle,Boise,Duke,63808,43150,Seka
1213,PER,304,Donalt,Gouck,Jackson,517,,Dashahe
1217,PER,305,Darby,Wilkin,Schlimgen,23,733529,Espinal
1221,PER,306,Doro,Castagne,Anhalt,2,,Hedong
1225,PER,307,Arlena,Addionizio,Pawling,40108,,Polonne
1229,PER,308,Annadiane,Lechmere,Sycamore,2825,,Qal‘eh Ganj
1233,PER,309,Eb,Meffen,Hoffman,4,,Qinghe
1237,PER,310,Rice,Dugald,Elgar,1583,303211,Kromy
1241,PER,311,Delphine,Duerden,Nelson,65,,Jorochito
1245,PER,312,Wye,Crayker,Texas,75,13940-000,Águas de Lindóia
1249,PER,313,Kata,Pagelsen,Westerfield,73470,,Birni N Konni
1253,PER,314,Jesus,Golt,Lotheville,76,96960,Likiep
1257,PER,315,Nedi,Terron,Scoville,2862,95915 CEDEX 2,Roissy Charles-de-Gaulle
1261,PER,316,Ofella,Darco,Weeping Birch,30686,5041,Bergen
1265,PER,317,Heywood,Cormack,Johnson,02108,,Tshaneni
1269,PER,318,Stanford,Broxton,Almo,42,,Kalapagenep
1273,PER,319,Dale,Jacobsen,Crownhardt,476,,Micheng
1277,PER,320,Darbee,Dominka,Ronald Regan,880,,Chishui
1281,PER,321,Jocelyne,Harraway,Stephen,4,507037,San Martín
1285,PER,322,Stanislaw,Gynni,Mitchell,1,,Lukulu
1289,PER,323,Kanya,Paoletto,Sherman,24427,,Jbaïl
1293,PER,324,Ruthy,Valencia,David,19248,,Heping
1297,PER,325,Eugenius,Giffon,Kedzie,11262,,Sanlian
1301,PER,326,Valentia,Kenchington,Prentice,3172,,Mendi
1305,PER,327,Dareen,Lacelett,Hazelcrest,6,,Taoyuan
1309,PER,328,Bradley,Doerr,Granby,4338,,Liushun
1313,PER,329,Daffi,Gaule,Cambridge,37680,157008,Buy
1317,PER,330,Jaquenette,Guidi,Wayridge,08035,,Mersam
1321,PER,331,Fleur,Diddams,Crownhardt,37877,66617,Topeka
1325,PER,332,Stepha,McAneny,Crescent Oaks,774,,Hod HaSharon
1329,PER,333,Byrle,McKearnen,Bay,3,671 41,Arvika
1333,PER,334,Nickey,Mager,Dryden,008,,Kampong Thom
1337,PER,335,Stephie,Tookey,Brickson Park,5,,Geji
1341,PER,336,Daune,Menloe,Everett,6,,Az Zintān
1345,PER,337,Christos,Kenlin,Lerdahl,54355,35220,Kruševica
1349,PER,338,Janetta,Oris,Victoria,194,2614,Obong
1353,PER,339,Thorvald,Power,Holy Cross,1,,Qingdao
1357,PER,340,Haily,Gorden,Marquette,4,,Nueva Cajamarca
1361,PER,341,Rickard,Schubuser,Lakeland,7479,7631,Pécs
1365,PER,342,Russell,Ortsmann,Bellgrove,2,,Pajaten
1369,PER,343,Orel,Ropcke,Upham,35,,Xijiao
1373,PER,344,Doralin,Duffet,Loomis,21110,,Guanba
1377,PER,345,Banky,Bremner,Fremont,51519,664048,Belén de Umbría
1381,PER,346,Donnajean,Shoebridge,Roxbury,50238,37640-000,Extrema
1385,PER,347,Harmonie,Prahm,Rutledge,39095,H5B,Mont-Royal
1389,PER,348,Riccardo,Durtnal,Kinsman,835,,Oguta
1393,PER,349,Raphaela,Prickett,Butternut,11,052027,Campamento
1397,PER,350,Fania,Yukhov,Muir,444,,Scarborough
1401,PER,351,Maure,MacVay,5th,73639,,Louta
1405,PER,352,Jule,Fronzek,Annamark,2,,Simpang
1409,PER,353,Helge,Sherrell,Rusk,402,,Xiaolongmen
1413,PER,354,Annabella,Nealy,Washington,7,80100,Dera Bugti
1417,PER,355,Dede,Copnell,Toban,3610,,Buôn Trấp
1421,PER,356,Maure,Carillo,Melrose,458,34-105,Radocza
1425,PER,357,Ingrim,Boller,New Castle,5,4404,Bombon
1429,PER,358,Brnaby,Collin,Melrose,2,,"Laikit, Laikit II (Dimembe)"
1433,PER,359,Hamlen,Annwyl,Colorado,0893,,Mhlume
1437,PER,360,Blanch,Shakespeare,Larry,53,,Hexi
1441,PER,361,Ardyce,Chamney,Homewood,9636,,Medaya
1445,PER,362,Dehlia,Prestie,Bluestem,1,855 90,Sundsvall
1449,PER,363,Carola,Biaggelli,Sutteridge,062,06500-000,Santana de Parnaíba
1453,PER,364,Stevana,Passie,Hagan,75886,29213 CEDEX 1,Brest
1457,PER,365,Alyss,Shankland,Claremont,91026,2070-510,Valada
1461,PER,366,Emelia,Boag,Farmco,12,93420,Fernando Gutierrez Barrios
1465,PER,367,Monroe,Silcock,Miller,96316,,Cikadondongdesa
1469,PER,368,Stanford,Hudel,Farwell,22,,Gurinai
1473,PER,369,Aimil,Coveny,Southridge,0967,,Cimaragas
1477,PER,370,Cass,Urpeth,Sheridan,1,649154,Iogach
1481,PER,371,Janessa,Anker,Summerview,45351,59339 CEDEX,Tourcoing
1485,PER,372,Fianna,Gamon,Portage,8,,Tanjung
1489,PER,373,Lotta,Welden,Hintze,108,63807,Lazaro Cardenas
1493,PER,374,Frederigo,Highwood,Badeau,97573,,Chaeryŏng-ŭp
1497,PER,375,Gerrie,Soane,Packers,602,T3S,Calgary
1501,PER,376,Marcus,Gersam,Oak Valley,8,7104,Rizal
1505,PER,377,Daniela,Fretter,Stoughton,494,94400-000,Viamão
1509,PER,378,Pauletta,Redding,1st,219,37130-000,Alfenas
1513,PER,379,Ferdie,Scrinage,Loftsgordon,0359,989-2471,Ogawa
1517,PER,380,Nicko,Bondar,Comanche,02,1682,Lumbangan
1521,PER,381,Marjy,Shambrook,Claremont,66170,603 52,Norrköping
1525,PER,382,Demetrius,Sindle,Toban,09,,Oenam
1529,PER,383,Teddy,Stennings,Dawn,6533,7814,Emmen
1533,PER,384,Rois,McCullen,Bashford,40338,6328,Calape
1537,PER,385,Fredrika,Bickers,North,2654,,Yijing
1541,PER,386,Nathanael,Wynett,Sundown,85,,Chemin Grenier
1545,PER,387,Tome,Orknay,Straubel,54444,,Lobatse
1549,PER,388,Krystyna,Hawkswood,Lighthouse Bay,72499,,Fengjiang
1553,PER,389,Edita,Inskipp,Sunfield,4,762027,Cartago
1557,PER,390,Peggie,Cropper,Forest Run,59603,2865-613,Morgados
1561,PER,391,Lynnell,Rontree,Division,09871,,Dapaong
1565,PER,392,Alard,Benedicte,Prairie Rose,3963,63-140,Dolsk
1569,PER,393,Klara,Garrard,Morning,2,634027,Quimbaya
1573,PER,394,Darnell,Guisby,Harper,9,,Leyuan
1577,PER,395,Alis,Perigo,Jenifer,4595,52120,Suan Luang
1581,PER,396,Jocelyne,Root,Stephen,1,541 70,Skövde
1585,PER,397,Tamas,Thackham,Sutteridge,2194,,Sikur
1589,PER,398,Conrad,Geeves,Shasta,569,,Bonoua
1593,PER,399,Kahaleel,Pohls,Moulton,13,,Luoshan
1597,PER,400,Lyn,Leyninye,Sullivan,820,3322,Paniqui
1601,PER,401,Meade,Anfrey,Gateway,384,,Shajing
1605,PER,402,Nana,Bails,Haas,30,68620-000,Viseu
1609,PER,403,Charmaine,Garn,Sutherland,0608,391339,Syntul
1613,PER,404,Rosina,Kirkby,Daystar,7,,Maqiu
1617,PER,405,Danie,Critcher,Sage,61,,Arue
1621,PER,406,Aidan,Enga,Commercial,401,2615-221,Arcena
1625,PER,407,Jodi,Lepope,Nova,637,,Banamba
1629,PER,408,Alla,Barron,Prairie Rose,8269,,Xikou
1633,PER,409,Aleta,Samwell,Vahlen,94191,,Neiafu
1637,PER,410,Zane,Copner,Browning,7,646176,Krasnyy Yar
1641,PER,411,Hermia,Zanioletti,Manley,4,,Umm Sa‘īd
1645,PER,412,Mimi,Clail,Tony,31715,99-333,Nowe
1649,PER,413,Charley,Lorenz,Vera,43272,10346,Slatina
1653,PER,414,Alexandrina,Weagener,Kingsford,1,,Ambo Village
1657,PER,415,Ward,Winterbotham,Schmedeman,29,,Liushutun
1661,PER,416,Dulce,Dumberrill,Westend,6489,,San Antonio
1665,PER,417,Mariya,Bedbury,2nd,01,,Maralal
1669,PER,418,Jordon,Eagers,Bashford,718,,Huwan
1673,PER,419,Odell,Ould,Mallard,9097,,Kopychyntsi
1677,PER,420,Vinny,Haselup,Armistice,8,,Youzha
1681,PER,421,Gifford,Bowry,Northfield,8,50362,Des Moines
1685,PER,422,Wood,Kellie,Moland,205,1370,København
1689,PER,423,Amandy,Sainter,Judy,28,,Bálsamo Oriental
1693,PER,424,Libbie,Northcott,Roth,7,,Zhencheng
1697,PER,425,Towney,Spatoni,Ridgeview,810,,Chokwé
1701,PER,426,Hirsch,Robey,Marcy,988,,Busan
1705,PER,427,Huntlee,Flowerden,Mosinee,606,,Koudougou
1709,PER,428,Tabina,Woodhall,Carpenter,2,,Yongning
1713,PER,429,Adelbert,Kelcey,Messerschmidt,3,49150,Wan Yai
1717,PER,430,Robina,Chesman,Dryden,78,545 30,Töreboda
1721,PER,431,Reyna,Keemer,Sachtjen,18,,Krahës
1725,PER,432,Ariel,Dundredge,Wayridge,66141,,Chuanxi
1729,PER,433,Pedro,Brozsset,Myrtle,326,658065,Borovikha
1733,PER,434,Cristal,Gandrich,Center,673,664 24,Drásov
1737,PER,435,Avery,Georger,Pleasure,8108,11558,Katunayaka
1741,PER,436,Andras,Ege,Oneill,18,,Jishi
1745,PER,437,Weidar,Thrustle,Fremont,2326,,Purabaya
1749,PER,438,Lezlie,Yitshak,Monterey,255,352720,Medvedovskaya
1753,PER,439,Demetra,Skelhorn,Tennyson,96,,Adorjan
1757,PER,440,Evangelin,Culross,Bultman,678,75397,Dallas
1761,PER,441,Ursala,Stacey,Jana,57999,49300-000,Tobias Barreto
1765,PER,442,Wynn,Peasee,Shelley,894,36500-000,Ubá
1769,PER,443,Alexandr,MacTeggart,Rieder,72,,Abū Mūsā
1773,PER,444,Olivero,Buckingham,Westport,099,80000,Ban Mai
1777,PER,445,Malissia,Shakle,Troy,50836,4515,Jovellar
1781,PER,446,Brooke,Duffet,Dwight,5,,Cầu Gồ
1785,PER,447,Aigneis,Milberry,David,38,,Mégara
1789,PER,448,Orlando,O' Brian,Grim,700,662668,Taganskiy
1793,PER,449,Rafaellle,Petticrow,Carey,7,,Makungu
1797,PER,450,Wat,Whetton,Brentwood,00032,386338,Verkhniye Achaluki
1801,PER,451,Corbie,Ingree,Dakota,7,675 02,Studenec
1805,PER,452,Stavros,Deverille,6th,772,,Sóc Sơn
1809,PER,453,Ekaterina,Rootham,Delladonna,3046,4211,Matingain
1813,PER,454,Doy,Muge,Holmberg,15,,Gejiu
1817,PER,455,Jeremias,Bernini,Jay,6099,5214,'s-Hertogenbosch
1821,PER,456,Verena,Crozier,Fordem,3,,Jaleswar
1825,PER,457,Andrey,Ianilli,Manufacturers,8,834 33,Brunflo
1829,PER,458,Bathsheba,Dunsmuir,Tomscot,4851,,Luts’k
1833,PER,459,Collie,Nias,Dahle,025,,Hushi
1837,PER,460,Velma,Stickens,Nelson,1,L-3755,Rumelange
1841,PER,461,Audrye,Piggford,Victoria,0,332 09,Štěnovice
1845,PER,462,Abby,Crosland,Buell,5152,18010,Granada
1849,PER,463,Manfred,Samarth,Mcbride,7,4203,Famatina
1853,PER,464,Iggie,Boler,Grayhawk,032,34-108,Frydrychowice
1857,PER,465,Gui,Zanussii,Loomis,1403,,Patani
1861,PER,466,Pip,Tortoise,Grim,084,,Yacuíba
1865,PER,467,Byron,Arnley,Little Fleur,1561,,Filiatrá
1869,PER,468,Celestyna,Conerding,Sunbrook,49766,99750,Magisterial
1873,PER,469,Constantine,Simmonett,Sloan,56,,Sukoanyar
1877,PER,470,Eimile,Moyers,Morningstar,36375,,Abdurahmoni Jomí
1881,PER,471,Claybourne,Roskruge,Grasskamp,29,84-242,Luzino
1885,PER,472,Cosimo,Northen,Doe Crossing,3,,Ekibastuz
1889,PER,473,Erie,Coverley,Jackson,4,249192,Zhukovo
1893,PER,474,Toby,Satch,Coleman,034,,San Lorenzo
1897,PER,475,Caesar,De La Salle,Holmberg,80480,,Al ‘Āliyah
1901,PER,476,Ross,Conaghan,Logan,140,102 52,Stockholm
1905,PER,477,Ulrikaumeko,Tunny,Lighthouse Bay,339,453150,Karmaskaly
1909,PER,478,Whittaker,Sacker,Fallview,81,02003,San Agustín Acasaguastlán
1913,PER,479,Leyla,Joinson,Sunfield,3205,6505,Dulag
1917,PER,480,Corrine,Prestwich,Bay,12,30130,Cumming
1921,PER,481,Page,Fantini,Fuller,248,,Kīevka
1925,PER,482,Terence,Keble,American,119,,Dongqianhu
1929,PER,483,Inness,Cawley,Ruskin,9,,Krajan Kinanti
1933,PER,484,Margo,Groundwater,Tomscot,33,,Ningyang
1937,PER,485,Orland,Gillbanks,Saint Paul,1785,,Hanchang
1941,PER,486,Brooks,Kensington,Cascade,95,,Huanghua
1945,PER,487,Pablo,Pesterfield,Bay,0,,Ćićevac
1949,PER,488,Collette,Brazur,Marcy,0049,,Lungmar
1953,PER,489,Jack,D'Andrea,American,647,,Malin
1957,PER,490,Saree,Coultass,Lien,665,5414,Aroroy
1961,PER,491,Evangelina,Douse,Mccormick,06,,Jiaozhou
1965,PER,492,Ingmar,Falla,Manley,617,,Ijuw
1969,PER,493,Bernelle,Firle,South,269,,Néa Róda
1973,PER,494,Bobbie,Josipovic,Heath,8,2870-514,Sarilhos Grandes
1977,PER,495,Bathsheba,Wallsworth,Riverside,7,,Sriwing
1981,PER,496,Mada,Doldon,Myrtle,9549,4518,Yuto
1985,PER,497,Ferdy,Cafferky,Brickson Park,005,,Kisanga
1989,PER,498,Dore,Barreau,Jana,35,,Tiantang
1993,PER,499,Mara,Hotson,Nobel,8,10582,Pulau Pinang
1997,PER,500,Urson,Ellaway,Heath,2882,,Pātan
2001,PER,501,Adelaida,Bittleson,Bobwhite,4,,Datong
2005,PER,502,Jourdain,Lusgdin,Beilfuss,21953,5039,San Rafael
2009,PER,503,Tad,Becom,Havey,02206,6617,San Ricardo
2013,PER,504,Nestor,Ferryn,Bluestem,069,,Zhenwen
2017,PER,505,Maurits,Chasemore,Namekagon,025,,Yangjian
2021,PER,506,Alvinia,Mellmer,Dayton,023,80995,München
2025,PER,507,Lonee,Jewes,Sunnyside,97531,,Xiaoshanzi
2029,PER,508,Goldarina,Goulbourne,Golden Leaf,34,,Gwanda
2033,PER,509,Paulie,Eglington,Manitowish,162,161560,Tarnogskiy Gorodok
2037,PER,510,Jacquenetta,Tathacott,Dorton,8,169205,Yemva
2041,PER,511,Morgen,Roseborough,Lerdahl,90,,Greenville
2045,PER,512,Adelice,Buse,Kinsman,41,,Huanglian
2049,PER,513,Nolie,Fransoni,Union,3730,64103,San Isidro
2053,PER,514,Wilfrid,Stanwix,Mandrake,76,,Kallithéa
2057,PER,515,Joachim,Porrett,Sycamore,29,9215,Caromatan
2061,PER,516,Herman,Lansdale,Monica,0114,,Batutua
2065,PER,517,Caritta,Wilshaw,Judy,10583,9950-225,Criação Velha
2069,PER,518,Geno,O'Currigan,Sutteridge,4,09700-000,São Bernardo do Campo
2073,PER,519,Neal,Vasilechko,Atwood,988,,Vardablur
2077,PER,520,Annora,Pedley,Talisman,94,,Shīnḏanḏ
2081,PER,521,Matteo,Bliss,Miller,30,,Grand-Bassam
2085,PER,522,Shanna,Yepiskopov,Garrison,749,177 57,Järfälla
2089,PER,523,Chrissie,Stickells,Vahlen,5,,Ntoke
2093,PER,524,Saraann,Behnecke,Stuart,532,,Minshan
2097,PER,525,Cherye,Sorbie,Milwaukee,6518,,Linggou
2101,PER,526,Brandyn,Craigs,Gale,93,,Shanting
2105,PER,527,Ruperta,Ramalho,Rigney,028,678831,Cherskiy
2109,PER,528,Scottie,Physic,Aberg,0784,601352,Sudogda
2113,PER,529,Don,Kewish,Hoepker,66289,,Letlhakane
2117,PER,530,Englebert,Garshore,Barby,75,,Shibi
2121,PER,531,Carce,Slimmon,2nd,51877,,Dashuipo
2125,PER,532,Emanuel,Veale,Buhler,1,,Ciburial
2129,PER,533,Alisha,Dommett,Oriole,43,,Huacheng
2133,PER,534,Mead,Karpenko,Saint Paul,0,,Krasne
2137,PER,535,Myles,Weitzel,Pankratz,13,,Fuzhou
2141,PER,536,Margarette,Jess,Lerdahl,693,13220,Bang Pahan
2145,PER,537,Chrystel,Mackiewicz,Clyde Gallagher,52058,,Abū Ghaush
2149,PER,538,Hobard,O' Quirk,Mockingbird,9,9200-088,Machico
2153,PER,539,Joyann,Janjic,Mallory,4,231008,Moñitos
2157,PER,540,Netta,Orridge,Waywood,6287,8304,Cagwait
2161,PER,541,Lily,Heinsius,Jay,04,29102 CEDEX,Quimper
2165,PER,542,Selestina,Benkin,Golf,1101,A63,Greystones
2169,PER,543,Zed,MacNess,Lyons,0,,Kuangyuan
2173,PER,544,Elysee,Dobing,Transport,05,67043,Veisiejai
2177,PER,545,Sallee,Dumbleton,Fisk,0396,,Bandar ‘Abbās
2181,PER,546,Bridget,Sybry,Mendota,0660,,Xamtay
2185,PER,547,Dewitt,Dykas,Merchant,5925,5312,Quezon City
2189,PER,548,Kendra,Munnery,Main,1,16565,Erie
2193,PER,549,Robinia,Campbell,High Crossing,2,,Mykonos
2197,PER,550,Linn,Hackleton,Dawn,09422,,Muhoroni
2201,PER,551,Cash,Seares,Almo,89723,,Brengkok
2205,PER,552,Marni,Earwaker,Dwight,50,,Akbarābād
2209,PER,553,Ginevra,Biggadike,Northwestern,06504,31403 CEDEX 9,Toulouse
2213,PER,554,Gerhardt,Whiteman,Dapin,360,,Dongtang
2217,PER,555,Nicoli,Veldens,Manufacturers,326,84180,Ratchaburi
2221,PER,556,Andi,Tullett,Huxley,66,,Sembabule
2225,PER,557,Vonni,Bernadzki,Roxbury,54,4960-180,Sobreira
2229,PER,558,Chelsie,Presswell,Anhalt,157,,Dajt
2233,PER,559,Lamond,Dallin,Kenwood,0,,Banjar Penyalin
2237,PER,560,Ruthann,Fuggle,Thierer,6071,,Machinga
2241,PER,561,Bradan,Hayball,Bobwhite,35,769-2101,Shido
2245,PER,562,Mortie,Marthen,Tennyson,0,,Dahongmen
2249,PER,563,Gale,Scranney,Lighthouse Bay,2,,Wuma
2253,PER,564,Bride,Simmon,Northwestern,13,,Licupis
2257,PER,565,Craig,Konertz,Packers,0188,2580,Marcos Juárez
2261,PER,566,Barrie,Hovey,Gina,56,2902,Nagbacalan
2265,PER,567,Merrel,Pirelli,Hoffman,95969,7004,Doetinchem
2269,PER,568,Ferdie,Kindell,Washington,0266,,Jianyi
2273,PER,569,Burgess,Phillcox,Charing Cross,66723,391448,Sasovo
2277,PER,570,Ettore,Murrey,Main,0,,Tutem
2281,PER,571,Sergei,Jeram,Vahlen,901,,Xiji
2285,PER,572,Rosalynd,Burchnall,Vahlen,072,37190-000,Três Pontas
2289,PER,573,Bria,Elmar,Steensland,576,,Thành Phố Phủ Lý
2293,PER,574,Marianna,Morrowe,New Castle,197,89240-000,São Francisco do Sul
2297,PER,575,Ives,Smeed,Canary,03757,,Taluncemara
2301,PER,576,Bibi,Upwood,Burning Wood,67054,,Shuangtian
2305,PER,577,Theda,Coda,Johnson,6158,,Ḩawallī
2309,PER,578,Shaughn,Lounds,Dayton,9056,,Al Qiţena
2313,PER,579,Brana,Oleksinski,Pine View,956,,Shengtang
2317,PER,580,Meade,Wolfendale,Oak,09298,999-0601,Naka
2321,PER,581,Nanice,Worsnup,Erie,296,,Barentu
2325,PER,582,Fanny,Tremlett,Dakota,57862,,Palmira
2329,PER,583,Bonnee,Jacobs,Truax,872,E91,Cluain Meala
2333,PER,584,Griffy,Evitt,Bluestem,705,,Balīlā
2337,PER,585,Teirtza,McCalum,Hollow Ridge,9046,,Priekule
2341,PER,586,Ara,Duxbarry,Mallard,52,,Paokmotong Utara
2345,PER,587,Gregorius,Port,Waywood,6920,,Golug
2349,PER,588,Hastings,Burehill,Fairview,21419,90010,Los Angeles
2353,PER,589,Gwenni,Brum,Gateway,32,,Rawuk
2357,PER,590,Korry,Henmarsh,Park Meadow,39,,Fengchan
2361,PER,591,Lazare,Milesop,Union,0,,Cikandang
2365,PER,592,Thomasin,Scotchbrook,Commercial,09386,9406,Harstad
2369,PER,593,Ceciley,Chave,Schiller,05965,2705-537,Bolembre
2373,PER,594,Vito,Corser,Havey,82,,Daxi
2377,PER,595,Gael,MacGillespie,Dryden,00,47-430,Rudy
2381,PER,596,Branden,Frowing,Hoepker,04523,2950-542,Bairro Assunção Piedade
2385,PER,597,Glad,Gummory,Arkansas,8783,,Watublapi
2389,PER,598,Audie,Fontanet,Longview,7114,1211,Bankaw
2393,PER,599,Brigid,Postill,Morrow,20,,Padangbai
2397,PER,600,Granthem,Bargery,Waubesa,88,,Cigagade
2401,PER,601,Dan,Viger,Tennessee,9,172 69,Sundbyberg
2405,PER,602,Bart,Schelle,Mesta,98,,Xinzhou
2409,PER,603,Nils,Chetwin,Mayer,46164,,Xianchiyu
2413,PER,604,Rhett,Shah,Hanson,72102,,Guatire
2417,PER,605,Auberon,Laxston,Laurel,9,,Ḩalwān
2421,PER,606,Shandeigh,Tadlow,Wayridge,1194,,Baih
2425,PER,607,Hansiain,Tower,Hagan,89,94627,Oakland
2429,PER,608,Coreen,Chansonne,Summit,873,,Néa Plágia
2433,PER,609,Marven,Dadson,Prairie Rose,18702,,Goundam
2437,PER,610,Maurise,Coles,Hoepker,90,,Dukuhmencek Lor
2441,PER,611,Yelena,Frankcomb,Mockingbird,79,18290-000,Buri
2445,PER,612,Babbie,Domeny,Amoth,070,,Yipeng
2449,PER,613,Celia,Kubasiewicz,Forster,9668,92035,Anahuac
2453,PER,614,Lyndy,Beton,Porter,94,,Santiago Vázquez
2457,PER,615,Vernon,Bullivant,Harper,3956,,Yongjiu
2461,PER,616,Dita,Ranstead,Carioca,289,11247,Brooklyn
2465,PER,617,Tomlin,Whiteway,Prairieview,2603,,Langchi
2469,PER,618,Frannie,Flitcroft,East,48093,,Maochen
2473,PER,619,Erik,Alflat,Sycamore,57,,Bratslav
2477,PER,620,Valery,Povall,Kipling,1,2410,Mpumalanga
2481,PER,621,Shaylynn,Scotney,Jenifer,75836,,Shangma
2485,PER,622,Dwight,Stead,Hagan,16,,Goodlands
2489,PER,623,Etty,O' Shea,Alpine,6,5501,Nagiba
2493,PER,624,Norton,Kelshaw,Mayer,3030,,Songwon
2497,PER,625,Talya,Barreau,Nelson,01247,,Jianping
2501,PER,626,Cord,Propper,Pennsylvania,651,2840-051,Foros da Catrapona
2505,PER,627,Hailey,McGilvray,Tennessee,9983,,Ifanadiana
2509,PER,628,Austin,Beeswing,Coleman,79,,Yangfeng
2513,PER,629,Dillon,Pyner,Golf View,295,,Gaoping
2517,PER,630,Sapphire,Ainge,High Crossing,023,,Gaohu
2521,PER,631,Deny,Fitchen,Wayridge,6,,Dongling
2525,PER,632,Uta,Frederick,Judy,0932,,Tánh Linh
2529,PER,633,Cross,Mateus,Schmedeman,75237,46-070,Komprachcice
2533,PER,634,Lyman,Alenichev,Merrick,123,,Niepos
2537,PER,635,Rachel,Stelfax,Mockingbird,8,,Wanmao
2541,PER,636,Christophe,Gabbatt,Fieldstone,4118,,Serednye
2545,PER,637,Ilsa,Ollis,Northview,7483,,Liudaogou
2549,PER,638,Dunn,Brimman,Sherman,5,340 04,Železná Ruda
2553,PER,639,Bride,Brolechan,Holy Cross,2937,,San Agustín
2557,PER,640,Llywellyn,Ord,Artisan,4910,,Anlu
2561,PER,641,Norby,Lowater,Wayridge,12,42-242,Rędziny
2565,PER,642,Wainwright,Blondelle,Sauthoff,596,,Daqingshan
2569,PER,643,Ernaline,Bygott,Riverside,0,,Shadili
2573,PER,644,Gallagher,Pagitt,David,37,682539,Coromoro
2577,PER,645,Shaw,Brolly,Waxwing,6,,Bago
2581,PER,646,Linnell,Doghartie,Ryan,877,50360,Mae Wang
2585,PER,647,Lindi,Loos,Orin,786,1024,Budapest
2589,PER,648,Ardene,Houndsom,Moose,463,687 24,Uherský Ostroh
2593,PER,649,Alberik,Antram,Northland,5234,,Dongxiang
2597,PER,650,Fiorenze,Raymond,Orin,1,77305,Conroe
2601,PER,651,L;urette,Gilkes,Sage,6,8500,Viedma
2605,PER,652,Colman,Hanburry,3rd,344,,Peicheng
2609,PER,653,Wilie,Crich,Shoshone,0,,Dachuan
2613,PER,654,Kippy,Banasik,Hudson,6072,,Jiuting
2617,PER,655,Ivonne,Jenman,Florence,56,93600-000,Estância Velha
2621,PER,656,Norby,Ladewig,Bartelt,93,,Thanh Nê
2625,PER,657,Reuben,Carnegie,West,332,,Bačka Palanka
2629,PER,658,Susanna,Spread,Scoville,9,,Kundung
2633,PER,659,Celine,Alcock,Monica,2530,21-109,Uścimów Stary
2637,PER,660,Arlen,Seamen,Glacier Hill,2719,,Zhencheng
2641,PER,661,Annetta,Eyer,Roxbury,453,,Fatubia
2645,PER,662,Dallas,Stoves,Ridge Oak,15874,89-310,Łobżenica
2649,PER,663,Lani,Aleevy,Cascade,58424,319-1559,Kitaibaraki
2653,PER,664,Roseann,Broun,Scoville,5,,Dvorovi
2657,PER,665,Dawna,Lympenie,Village,4135,,Thị Trấn Mường Tè
2661,PER,666,Ethyl,Robinett,Holmberg,42802,,Pisangkemeng
2665,PER,667,Desmund,Sighart,Di Loreto,07,DN22,Eaton
2669,PER,668,Skippy,Conford,Bonner,818,,Desa Werasari
2673,PER,669,Riki,Drew,Menomonie,4922,,Khawr Fakkān
2677,PER,670,Minerva,Yeiles,Toban,2,,Zhongba
2681,PER,671,Herve,Dandison,Mendota,1657,46300-000,Caculé
2685,PER,672,Phillipp,Plumer,Dennis,70,6625,Port Saint John’s
2689,PER,673,Carlos,Odney,Eastwood,2140,84-360,Łeba
2693,PER,674,Raina,Ballintyne,Vermont,9,40602,San José
2697,PER,675,Clarette,Renol,Rutledge,16,9243,Kiten
2701,PER,676,Leisha,Harrell,School,4936,,Nukuoro
2705,PER,677,Isobel,Klimkovich,Eastlawn,8,,Vecpiebalga
2709,PER,678,Clarette,Hilldrop,Raven,39140,361424,Nal’chik
2713,PER,679,Marlie,Tagg,Maple,8010,4800-005,Guimarães
2717,PER,680,Leona,Dacks,Sullivan,022,,Baltasar Brum
2721,PER,681,Marlowe,Blase,Gulseth,43,4200,Santiago del Estero
2725,PER,682,Arv,Graith,1st,600,8404,Sison
2729,PER,683,Vanni,Byrth,New Castle,31454,,Bugana
2733,PER,684,Robenia,Izzatt,Bowman,686,,Kaabong
2737,PER,685,Paul,Ferreras,Randy,615,05-088,Brochów
2741,PER,686,Bertina,Scurrah,Marquette,727,,Preobrazhenka
2745,PER,687,Conni,Congdon,Cascade,206,,Tange Zhen
2749,PER,688,Vincenz,Levitt,Atwood,15,,Zhengmo
2753,PER,689,Clayton,Trusler,Washington,2,741-0062,Iwakuni
2757,PER,690,Ruggiero,Ellerker,Debra,4,9201,Puconci
2761,PER,691,West,Loker,Loeprich,9101,889-1404,Takanabe
2765,PER,692,Arlene,Fruser,Mariners Cove,38,,Côn Sơn
2769,PER,693,Flossi,Galtone,Milwaukee,1,,Baruny
2773,PER,694,Giffy,Aylen,Mcguire,47,,Pyetrykaw
2777,PER,695,Shoshana,Garbett,Summerview,76508,,Yuhuangding
2781,PER,696,Charleen,Woodwin,Knutson,48528,14870-000,Jaboticabal
2785,PER,697,Audry,Mathan,Kim,875,,Windusakti Hilir
2789,PER,698,Steffie,Ashfold,Basil,927,,Xiekou
2793,PER,699,Sheffield,Grealy,Forest,57,,Youcheng
2797,PER,700,Osbert,Scurrah,Twin Pines,3,,Jami
2801,PER,701,Nedi,Airth,Florence,4,63800-000,Quixeramobim
2805,PER,702,Ricardo,Sawkins,Evergreen,50,9002,Villanueva
2809,PER,703,Magdalen,Frear,Katie,15,416325,Marfino
2813,PER,704,Chiquita,Vasnetsov,Bartelt,208,,Urechcha
2817,PER,705,Misha,Di Carlo,Erie,287,38816 CEDEX 1,Grenoble
2821,PER,706,Emalia,Marqyes,Northridge,97312,,Longbo
2825,PER,707,Prince,Beers,Kingsford,1,,Wangqinzhuang
2829,PER,708,Penelopa,Daens,Meadow Vale,7,461 70,Trollhättan
2833,PER,709,Roseline,Norledge,7th,53873,,Oropéndolas
2837,PER,710,Vikki,Aughton,Center,53955,,Yunshan
2841,PER,711,Bartlett,Collington,Westerfield,4,12004,Comitancillo
2845,PER,712,Mellisent,Lynd,Southridge,5,,Fengping
2849,PER,713,Gradey,Evison,Village,7,427985,Sarapul
2853,PER,714,Curr,Coppins,Shoshone,31,,Eucaliptus
2857,PER,715,Selestina,Kose,Buena Vista,9958,,Sindangsari
2861,PER,716,Daryn,Merricks,Vera,00198,,Shuikou
2865,PER,717,Kristien,Haruard,Autumn Leaf,15,516 81,Dalsjöfors
2869,PER,718,Brendan,Lobley,Kedzie,4756,2841,La Eduvigis
2873,PER,719,Neville,Risborough,Veith,7356,72130,Sam Chuk
2877,PER,720,Abbie,Ughini,Toban,61274,1768,Halden
2881,PER,721,Silvan,Clears,Toban,01,,Bata Tengah
2885,PER,722,Udale,Rakestraw,Buhler,4,2770,Bansko
2889,PER,723,Flo,Baldocci,Hansons,8003,5710,Kishorganj
2893,PER,724,Clarinda,Iannetti,Lighthouse Bay,27983,57-220,Ziębice
2897,PER,725,Waverly,Kas,Schiller,1,76152 CEDEX,Maromme
2901,PER,726,Ollie,Ciani,Crownhardt,1961,13425 CEDEX 12,Marseille
2905,PER,727,Emylee,Betjeman,Blackbird,72612,142817,Novyye Cherëmushki
2909,PER,728,Arri,Aspin,Westridge,62514,,Kertamukti
2913,PER,729,Kameko,Hogsden,Texas,36,,Ymittos
2917,PER,730,Eveleen,Mackriell,Grayhawk,1871,606640,Sukhobezvodnoye
2921,PER,731,Rebecka,Gossage,Pleasure,4,,Xilong
2925,PER,732,Carmelita,Hasley,Dexter,29,2965-223,Forninho
2929,PER,733,Etty,Possek,Eagan,576,7016,Robonkon
2933,PER,734,Nelia,Atkinson,Darwin,1,,Fundong
2937,PER,735,Gonzalo,Bouttell,Morning,37,83120,Wichit
2941,PER,736,Darbee,Grishenkov,Stephen,57494,400 70,Göteborg
2945,PER,737,Gilberto,Grinov,Cascade,46749,33-260,Gręboszów
2949,PER,738,Deeann,Ingley,Lunder,48,688 01,Uherský Brod
2953,PER,739,Levey,Shelsher,Springview,8,,La Guacamaya
2957,PER,740,Marga,Culmer,Anthes,4,931 57,Skellefteå
2961,PER,741,Jeremie,Joincey,Jay,72,121 12,Johanneshov
2965,PER,742,Curtice,Brandham,Vera,16384,,Dongjia
2969,PER,743,Bax,Bumby,Rowland,89,FRN,Floriana
2973,PER,744,Zorine,Trevan,Lotheville,2410,,Xiawa
2977,PER,745,Goober,Lattka,Mccormick,7,,Mlandizi
2981,PER,746,Ethelyn,Marlowe,Jay,94683,,Boji
2985,PER,747,Nicoline,Loisi,Jenifer,1062,,Santiago Puringla
2989,PER,748,Chen,Featherstone,Buell,430,,Yujia
2993,PER,749,Gonzales,Yele,Montana,46,,Dongjie
2997,PER,750,Tana,Curm,Vidon,635,8704,Malitbog
3001,PER,751,Corbin,Piborn,Holmberg,37,,Mallawī
3005,PER,752,Ellie,Beau,Morrow,5,31215,Ernestinovo
3009,PER,753,Justinian,Colten,Cody,56852,,Yangtan
3013,PER,754,Gilligan,Whitwham,Elka,41,,Longsha
3017,PER,755,Anatollo,Mavin,Cardinal,33717,3220-313,Pedreira
3021,PER,756,Ami,Entwhistle,Sunnyside,8,13960-000,Socorro
3025,PER,757,Ugo,Pinare,Corben,2006,,Blawi
3029,PER,758,Cody,Grisewood,Maywood,86,,Lingdong
3033,PER,759,Tim,Garley,Spenser,101,7202,Tudela
3037,PER,760,Gordie,Flucker,Ohio,7,799-2441,Hōjō
3041,PER,761,Ingamar,Tummasutti,Annamark,52516,,Dalai
3045,PER,762,Scarface,Lansly,Scott,26182,85000-000,Guarapuava
3049,PER,763,Netti,Janning,Quincy,410,L-5941,Hesperange
3053,PER,764,Fanya,Beardwood,Monterey,3,162160,Gvardeysk
3057,PER,765,Brietta,Jayume,Fuller,9089,3450-301,Carvalhal
3061,PER,766,Elladine,Chese,Stang,59,9259,Tromsø
3065,PER,767,Fernanda,Ruffler,Clyde Gallagher,629,2430-186,Figueiras
3069,PER,768,Colene,Rudsdell,Clove,4066,,Shanjiao
3073,PER,769,Hadleigh,Jaquest,Basil,49,795 92,Rättvik
3077,PER,770,Abbey,Pevsner,Hooker,3290,,Gemo
3081,PER,771,Lissi,Look,Victoria,0,684517,Barbosa
3085,PER,772,Elena,Belcher,Jenna,548,,Sizhou
3089,PER,773,Lethia,Stichel,Oriole,450,,Zhangjiayuan
3093,PER,774,Brynne,Cattrall,Dennis,643,36760,Luopioinen
3097,PER,775,Roxana,Godfrey,Corben,39378,,Cuogang
3101,PER,776,Olva,Focke,Donald,99,,Old Harbour Bay
3105,PER,777,Isadora,O'Heagertie,Service,15303,929-0203,Matsutō
3109,PER,778,Abelard,McGeechan,Hauk,2,242030,Zhiryatino
3113,PER,779,Thea,Gosnell,Forest,7864,,Thành Phố Thái Bình
3117,PER,780,Agatha,Ballingal,Norway Maple,10,,Changning
3121,PER,781,Aretha,Fydoe,Marquette,8,1275,Šmartno pri Litiji
3125,PER,782,Sharron,Pidon,Warbler,2284,520-2541,Okaya
3129,PER,783,Wilden,Pockett,American,7,84409,Ogden
3133,PER,784,Ailis,Dawkes,Doe Crossing,579,02204 CEDEX,Soissons
3137,PER,785,Deb,Palatini,Toban,32,6004,Kecskemét
3141,PER,786,Madelin,Roggeman,Thierer,48,,Pyrgetós
3145,PER,787,Milissent,Shelbourne,Parkside,2,302 30,Halmstad
3149,PER,788,Cheri,Verner,Oakridge,98353,,Kachar
3153,PER,789,Nathanael,Boycott,Comanche,14,,Baru Timur
3157,PER,790,Sinclair,Carlill,Thompson,1961,446017,Dibulla
3161,PER,791,Richmound,Tows,Hoard,797,5400,Binguang
3165,PER,792,Fredra,Annion,Elgar,87695,251 67,Pyšely
3169,PER,793,Rowen,MacMenamy,Bellgrove,28,969-1661,Fukushima-shi
3173,PER,794,Basile,Willment,Union,734,,Havtsal
3177,PER,795,Betti,Dowty,John Wall,41,,Guluoshan
3181,PER,796,Sax,Stuchburie,Eagle Crest,4803,59058,Jieznas
3185,PER,797,Alexei,Walsh,Delaware,3,05-831,Granica
3189,PER,798,Shel,Gaine of England,Aberg,111,,Bulnes
3193,PER,799,Alexina,Feak,Northport,1725,MD-5840,Mîndreşti
3197,PER,800,Casandra,Frostdicke,Independence,51,,Svorónos
3201,PER,801,Abramo,Mildenhall,Elmside,9746,15250,Pittsburgh
3205,PER,802,Chrystal,Boath,Bartelt,9878,,Voloka
3209,PER,803,Fidela,Dielhenn,Valley Edge,18257,760 01,Zlín
3213,PER,804,Manya,Mence,Golf,2,,Bandung
3217,PER,805,Julia,Sturges,Meadow Valley,67,92727 CEDEX,Nanterre
3221,PER,806,Kimble,Moncey,Sauthoff,39,,Daying
3225,PER,807,Micki,Maybey,Green Ridge,34,88125 CEDEX,Vagney
3229,PER,808,Franchot,Bradfield,Lunder,320,,Hlyboka
3233,PER,809,Yuri,Kenealy,Melrose,22784,,Nanggewer
3237,PER,810,Lula,Umbert,Eastlawn,34,171076,Bologoye
3241,PER,811,Bonnee,Meardon,Oak Valley,15974,,Concepción
3245,PER,812,Arnie,Pexton,Summer Ridge,828,,La Asunción
3249,PER,813,Verla,McGinnis,Waxwing,8563,735 33,Doubrava
3253,PER,814,Jacquelin,Whelpdale,Lukken,2614,,Kulia Village
3257,PER,815,Ignaz,Reinmar,Ohio,3000,,Oemofa
3261,PER,816,Fax,Izhak,Daystar,2633,659633,Starobelokurikha
3265,PER,817,Kyrstin,Hornbuckle,Knutson,007,42-160,Krzepice
3269,PER,818,Stanislaus,Fermoy,3rd,90222,H54,Adare
3273,PER,819,Adriana,Wadforth,Algoma,7469,,Penengahan
3277,PER,820,Clywd,Harkness,Esch,98,,Urho
3281,PER,821,Marta,MacAdie,Kenwood,121,7213,Concepcion
3285,PER,822,Bianca,Vain,Claremont,575,,Xinji
3289,PER,823,Clarita,Sandys,Stoughton,591,393 53,Kalmar
3293,PER,824,Sigismundo,Fishburn,Vera,7849,,Mojokerto
3297,PER,825,Sophronia,Mc Pake,Vera,16,,Gresik
3301,PER,826,Augusta,Richley,Sugar,3,,Hongxi
3305,PER,827,Kristel,Fussen,Green Ridge,81,L-8523,Beckerich
3309,PER,828,Sabra,Chomicz,Utah,33735,47-470,Krzanowice
3313,PER,829,Dar,Scown,Cambridge,6097,,Sandu
3317,PER,830,Catina,Crownshaw,Waubesa,034,27-220,Mirzec
3321,PER,831,Bastien,Muddle,Center,477,8383,Melbourne
3325,PER,832,Bekki,Clayfield,Manufacturers,932,,Tanjung
3329,PER,833,Cristen,Gother,Oriole,3,,Tingo María
3333,PER,834,Wyatt,Lambdin,Pond,20719,62756,Springfield
3337,PER,835,Werner,Noury,Logan,4974,,Xingyi
3341,PER,836,Bryna,Minucci,Goodland,032,,Aricapampa
3345,PER,837,Annalee,Aird,Mccormick,55428,3040-662,Carvalhais
3349,PER,838,Benedict,Collister,Graedel,921,2437,Amagbagan
3353,PER,839,Cindelyn,Kliemann,Kings,5,,Wufeng
3357,PER,840,Otis,De Luna,Cambridge,58,,San Bautista
3361,PER,841,Moss,Draayer,Sullivan,6226,,Balatun
3365,PER,842,Aleda,Isaksen,Burning Wood,43,,Ambato
3369,PER,843,Kelby,Umney,Del Mar,755,348 06,Přimda
3373,PER,844,Zared,Rioch,Pierstorff,87,,Careva Ćuprija
3377,PER,845,Elfrieda,McCooke,Maple Wood,7,,Winong
3381,PER,846,Forbes,Scyner,West,9308,731048,Líbano
3385,PER,847,Lianne,Scuse,Maywood,8237,,Bazhu
3389,PER,848,Nealon,Early,Artisan,491,,Weepangali
3393,PER,849,Jammie,Grindell,Onsgard,70682,,Ljig
3397,PER,850,Donalt,Hackelton,Coleman,98,09-500,Gostynin
3401,PER,851,Spense,Goldhill,Garrison,80411,,Ershilipu
3405,PER,852,Revkah,Labrow,Crescent Oaks,6,,Tsákoi
3409,PER,853,Dasie,Villa,Steensland,93,,Padangbatung
3413,PER,854,Chelsie,Wainscoat,Stephen,937,,Sloboda
3417,PER,855,Dolorita,Schutze,Glacier Hill,851,25304 CEDEX,Pontarlier
3421,PER,856,Rich,Yvens,Dakota,362,4514,Libertador General San Martín
3425,PER,857,Ike,Coatman,Helena,3378,,Sangar Sarāy
3429,PER,858,Adrian,Favel,Anzinger,4,057878,Necoclí
3433,PER,859,Haskel,Witten,Dayton,80979,,Uliastay
3437,PER,860,Jessie,Devereu,Golf Course,5167,,Beidao
3441,PER,861,Linette,Fresson,Packers,00650,79300-000,Corumbá
3445,PER,862,Rosabelle,Gulliford,Valley Edge,5,658059,Sannikovo
3449,PER,863,Brinna,Mahon,Ilene,9,,Kumbo
3453,PER,864,Elena,Ghidetti,Bellgrove,9859,,Quince Mil
3457,PER,865,Kathryne,Tennewell,Menomonie,59,27260,Lappi
3461,PER,866,Laurie,Heatherington,Brown,7921,4910-035,Coutada
3465,PER,867,Clywd,Woods,Corben,0,422920,Bilyarsk
3469,PER,868,Luigi,Tripe,Schlimgen,0,6549,Biliran
3473,PER,869,Claire,Skupinski,Lakeland,5682,,Baiheshan
3477,PER,870,Birch,Matusiak,Garrison,99,,Cigeulis
3481,PER,871,Shelia,Pendlenton,Carpenter,371,,Mafang
3485,PER,872,Miranda,Kingsman,Grayhawk,927,,Yantianhe
3489,PER,873,Tibold,Joddens,Boyd,0,,Oued Zem
3493,PER,874,Tricia,Toward,Rigney,8207,,Badagry
3497,PER,875,Iain,Braley,Grayhawk,35,,Juli
3501,PER,876,Hilario,Parmeter,Iowa,91049,,Lok
3505,PER,877,Merv,Synan,Corben,68,,Tunasbaru
3509,PER,878,Wilow,Lanktree,Farmco,808,1315,Otlja
3513,PER,879,Veronike,Lamzed,Gulseth,2016,,Tanshi
3517,PER,880,Maye,Goseling,Stephen,7376,63-020,Zaniemyśl
3521,PER,881,Kelsey,Furse,Washington,33281,,Maronge
3525,PER,882,Morgen,Sloey,Hoard,99480,,Qalqaman
3529,PER,883,Twila,Jumonet,Green Ridge,28887,,Beizi
3533,PER,884,Trenna,Gerrie,Chinook,8,,Timezgadiouine
3537,PER,885,Minta,Lots,David,87341,,Yylanly
3541,PER,886,Adria,Adamo,Badeau,01,671 41,Arvika
3545,PER,887,Cosimo,Wabb,Dixon,1692,,Yanling
3549,PER,888,Malva,Jedrzej,Morning,5669,,Shchastya
3553,PER,889,Jennifer,Goslin,Schlimgen,7,25501,Perniö
3557,PER,890,Chrissie,Lilywhite,Surrey,319,,Mardīān
3561,PER,891,Ely,Simoneau,Grasskamp,58,891-3101,Nishinoomote
3565,PER,892,Simon,Fearon,Lien,470,196851,Metallostroy
3569,PER,893,Gizela,Bithany,Carpenter,628,267 23,Lochovice
3573,PER,894,Ruthanne,Schrei,Red Cloud,8911,62-060,Stęszew
3577,PER,895,Sutherland,Redan,Hagan,73,80279,Denver
3581,PER,896,Annis,Curlis,Autumn Leaf,7,,Xarardheere
3585,PER,897,Perice,Potell,Rutledge,1,38126,Braunschweig
3589,PER,898,Tamiko,Bindon,Glacier Hill,937,3310,Žalec
3593,PER,899,Oliviero,Gilhooly,Duke,935,3100,Oro Verde
3597,PER,900,Gussi,Maycock,Declaration,26,,Subottsi
3601,PER,901,Nessie,Ashley,Bunting,729,63-304,Broniszewice
3605,PER,902,Dulciana,Foystone,Dixon,76281,,Wengtian
3609,PER,903,Darryl,Swigg,Reinke,6,4321,Tagkawayan Sabang
3613,PER,904,Chad,Botterill,Autumn Leaf,92934,77815 CEDEX,Moret-sur-Loing
3617,PER,905,Chalmers,Wornham,Anderson,03186,,Yanglinwei
3621,PER,906,Laurella,Dainter,Messerschmidt,53045,,Wuduhe
3625,PER,907,Winonah,Streatley,Upham,923,1296,Šentvid pri Stični
3629,PER,908,Brigham,Passman,Swallow,8239,,San Miguel del Padrón
3633,PER,909,Janice,Courvert,Service,24,,Ciheras
3637,PER,910,Friedrich,Ledstone,Oneill,277,,Wupu
3641,PER,911,Aura,Do Rosario,Blaine,75154,,Zhangatas
3645,PER,912,Aube,Flear,Grover,3072,,Forécariah
3649,PER,913,Rodi,Rudsdell,Melrose,00161,682400,Bogorodskoye
3653,PER,914,Hall,Lanceley,Oxford,614,,Qiligang
3657,PER,915,Edy,Kenn,Sycamore,82,,Áno Kopanákion
3661,PER,916,Randall,Simpson,Bartelt,1,917-0011,Nago
3665,PER,917,Sargent,Micka,New Castle,66,,Xiniqi
3669,PER,918,Berni,Beetham,Sheridan,76954,4860-045,Arco de Baúlhe
3673,PER,919,Maisie,Monery,Barnett,23228,,Anding
3677,PER,920,Nickie,Guillard,Carey,3562,4401,Camaligan
3681,PER,921,Fey,Sperski,Eagle Crest,3909,,Hushan
3685,PER,922,Hobey,Ritchie,Pepper Wood,5,,Qal‘ah-ye Na‘īm
3689,PER,923,Tadeo,McGuirk,Helena,8,,Tizgane
3693,PER,924,Enrica,de Keyser,Browning,97,,Babakan
3697,PER,925,Iona,Tibald,Eastwood,54,,Chengguan
3701,PER,926,Sheppard,Roubeix,Truax,204,10464,Bronx
3705,PER,927,Luisa,Oman,Leroy,1,394 68,Žirovnice
3709,PER,928,Trumaine,Squibbes,Wayridge,58170,6387,Caleufú
3713,PER,929,Deirdre,Pawelek,Redwing,2,86-160,Warlubie
3717,PER,930,Mabelle,Briffett,Drewry,4,,Herzliyya
3721,PER,931,Rici,Colley,3rd,5122,50369,Des Moines
3725,PER,932,Petronella,Westoff,Kensington,03952,,Daqiao
3729,PER,933,Tommy,Jencken,Continental,739,37200-000,Lavras
3733,PER,934,Sari,Elsdon,Dottie,11078,,Dadong
3737,PER,935,Tanney,Tindle,Vidon,94677,396310,Novaya Usman’
3741,PER,936,Conrado,Balaizot,Pleasure,9810,,Huangduobu
3745,PER,937,Ariel,Gobel,Roxbury,15,,Evinayong
3749,PER,938,Gina,Shepstone,Porter,08,,Keruguya
3753,PER,939,Jennette,Kernley,Ruskin,42,,Victoria
3757,PER,940,Celisse,Howison,Park Meadow,6045,,Ciawi
3761,PER,941,Herold,Pardue,Buhler,411,456 42,Kungshamn
3765,PER,942,Chelsy,Larcombe,Northview,62991,88870-000,Orleans
3769,PER,943,Lonnie,Filippazzo,Kipling,5,,Hengbanqiao
3773,PER,944,Son,Jimmison,Mandrake,1499,,Watublapi
3777,PER,945,Angele,McIlherran,Troy,1,,Tsalgar
3781,PER,946,Ferrell,Stegers,Forest Run,88431,,Nanlu
3785,PER,947,Vivia,Vanyashkin,Park Meadow,05722,L2G,La Broquerie
3789,PER,948,Raphael,Boyat,Rutledge,39909,98280-000,Panambi
3793,PER,949,Jilly,Spatoni,Debra,640,412545,Petrovsk
3797,PER,950,Herschel,Seldner,Tennyson,1299,66205,Shawnee Mission
3801,PER,951,Samantha,Towson,Service,1748,,Jieshipu
3805,PER,952,Gwenny,Labro,Crownhardt,0,56274 CEDEX,Ploemeur
3809,PER,953,Eachelle,Bussel,Harper,80576,,Cikaras
3813,PER,954,Lilith,Robotham,Carey,17,31140,Prakhon Chai
3817,PER,955,Hermy,Standley,Green Ridge,0348,357748,Kislovodsk
3821,PER,956,Emma,Ilive,Burning Wood,40675,,Rote
3825,PER,957,Curr,Babington,Farragut,7302,,Telangi Satu
3829,PER,958,Gilles,Webben,Ramsey,3,5505,Dapawan
3833,PER,959,Dee dee,Winwood,Ridge Oak,4482,9400,Bella Vista
3837,PER,960,Burlie,Battell,Charing Cross,619,77120,Pran Buri
3841,PER,961,Lev,Truett,Calypso,7,,Krueng Luak
3845,PER,962,Eustacia,Manclark,Pine View,902,4415-005,Perosinho
3849,PER,963,Sabina,Parlott,Farwell,620,,Kerep Wetan
3853,PER,964,Heida,Purrington,Shelley,9679,38950-000,Ibiá
3857,PER,965,Seline,Shout,Bonner,7056,,Yiliu
3861,PER,966,Gwenette,Dorn,Grasskamp,4,65800-000,Balsas
3865,PER,967,Brier,Iveson,Independence,3105,,Boromlya
3869,PER,968,Nadean,Simkins,Northview,098,,Oued Laou
3873,PER,969,Helyn,Casemore,Almo,2322,,Sumbersih
3877,PER,970,Jennee,Fynan,Portage,89,684 01,Slavkov u Brna
3881,PER,971,Roseanna,Fellows,Pepper Wood,9555,32-622,Brzeszcze
3885,PER,972,Vickie,Cowitz,Green Ridge,2891,40000,Mačkovec
3889,PER,973,Euphemia,Fadden,Killdeer,0007,,Xiaping
3893,PER,974,Stavros,Ivashnyov,Farmco,045,,Padangbatung
3897,PER,975,Alick,Bembrigg,Butternut,31974,55800-000,Nazaré da Mata
3901,PER,976,Shauna,Halms,Aberg,62,535 01,Brloh
3905,PER,977,Annamarie,Gooday,Hagan,8625,470017,Santa Marta
3909,PER,978,Raymund,Halleday,Hoepker,400,2051,Sarishābāri
3913,PER,979,Cedric,Beckenham,Pepper Wood,7,,Headlands
3917,PER,980,Rory,Palfree,Summerview,11524,,Bandundu
3921,PER,981,Hester,Corneck,Manufacturers,9,,Wujiao
3925,PER,982,Kip,Botright,Pennsylvania,0616,301262,Bibirevo
3929,PER,983,Salem,Beynon,Transport,2,,Tanjung Palas
3933,PER,984,Maryanne,Spincke,Lakewood,12,,Nguigmi
3937,PER,985,Teresina,Hince,Maple,64,,Taozhuang
3941,PER,986,Lizbeth,Letch,Holmberg,91951,,Tanshan
3945,PER,987,Evangelina,Swalwel,East,06,6126,Calatrava
3949,PER,988,Jordana,Pridie,Cascade,38173,472028,Fundación
3953,PER,989,Amalie,Kerwen,Sutteridge,59,673475,Chernyshevsk
3957,PER,990,Reinald,Le Conte,Dennis,0813,962-0042,Ina
3961,PER,991,Jerald,Kruschov,Butternut,6,2234,Gafargaon
3965,PER,992,Modestia,Budgen,Thompson,0375,42222,Ljubešćica
3969,PER,993,Lyndel,Giacobbo,Caliangt,519,,Yuncheng
3973,PER,994,Jolene,Allsop,Village Green,34679,,Jargalant
3977,PER,995,Pauly,Francke,Truax,1491,9002,Villanueva
3981,PER,996,Leodora,Fishwick,Carberry,00327,,Riangbao
3985,PER,997,Towny,Karel,Becker,3485,,Cueto
3989,PER,998,Joellyn,Ackhurst,Everett,96,,Calbuco
3993,PER,999,Sapphira,Clixby,Stoughton,261,37160-000,Campos Gerais
3997,PER,1000,Bill,Sweetnam,Shasta,51991,,Blon’
